id,Vektor 1,Vektor 2,Vektor 3,label
1,-1.177703,-0.21787879,1.1129422,sport
2,-1.44555,-0.30836764,1.1765689,sport
3,-1.488967,-0.37775266,1.1948235,sport
4,-0.771093,0.472988,1.1308969,sport
5,-0.900863,0.43643206,1.0283997,sport
6,-0.9520923,-1.0587171,1.8212609,sport
7,-1.0200876,-1.1069157,1.7666972,sport
8,-1.2508888,-0.2978978,1.1929842,sport
9,-0.75776505,0.25475526,1.1337789,sport
10,-0.94292307,-0.482081,1.4293164,sport
11,-1.1631953,-0.37412465,1.2503848,sport
12,-1.1487306,-0.50524414,1.3607864,sport
13,-0.80109525,-0.14375259,1.2513012,sport
14,-1.3152722,-0.800095,1.4844741,sport
15,0.022183446,0.20703445,1.6271455,sport
16,-0.8838607,-1.0107889,1.7492663,sport
17,-1.0122598,-0.627898,1.4922388,sport
18,-0.68422854,-0.22146443,1.3821584,sport
19,-1.219482,-0.32830724,1.1991284,sport
20,-1.0782123,-0.13967863,1.1540682,sport
21,-0.95738715,-0.80021006,1.5276104,sport
22,-1.1050498,0.07477591,1.0890429,sport
23,-1.0673333,-0.70469856,1.5244831,sport
24,-0.9918909,-0.6123776,1.4908704,sport
25,-1.2657441,-0.29839277,1.132439,sport
26,-1.155748,-0.6335206,1.488462,sport
27,-0.5825089,0.12817957,1.1553218,sport
28,-1.2244899,-0.31551182,1.193414,sport
29,-0.8995689,-0.6579354,1.410002,sport
30,-1.1871718,0.065970264,1.0594894,sport
31,-0.9614955,-0.4233042,1.352402,sport
32,-1.0841869,-0.089180276,1.1319548,sport
33,-1.0086563,0.124246344,1.040281,sport
34,-0.9288633,-0.52332264,1.414144,sport
35,-1.0536752,-0.6639925,1.4795266,sport
36,-0.83799326,0.5717839,1.0838765,sport
37,-1.1840748,-0.55813986,1.4384612,sport
38,-1.0365309,-0.007916146,1.0641911,sport
39,-1.258179,-0.2363968,1.2410368,sport
40,-1.1056272,-1.0221658,1.8185805,sport
41,-0.77983475,-0.1973229,1.2199216,sport
42,-1.2421916,-0.62583816,1.3310344,sport
43,-0.91251653,-0.50092185,1.4386513,sport
44,-1.1025536,-0.24138428,1.172003,sport
45,-0.7270422,-0.2553449,1.301521,sport
46,-1.1796844,-1.0005695,1.717613,sport
47,-1.3149192,0.118137196,1.0721169,sport
48,-1.0604064,-1.1473366,1.8051544,sport
49,-0.9762178,-0.5663796,1.4593986,sport
50,-0.91352814,-1.0832647,1.8984053,sport
51,-0.8518004,-0.79643154,1.671942,sport
52,-1.1104779,-0.1720157,1.1718295,sport
53,-1.464076,-0.5367449,1.2529796,sport
54,-0.87308884,-0.4347498,1.4160672,sport
55,-1.0330552,-0.19765513,1.1844728,sport
56,-1.0304576,-0.13751414,1.1447072,sport
57,-1.1281277,-0.35842255,1.2267591,sport
58,-0.8613342,-0.84275985,1.7103083,sport
59,-1.032951,-0.4851609,1.419735,sport
60,-0.477625,0.17661235,1.4513624,sport
61,-0.8972486,-0.4405988,1.4587777,sport
62,-0.87809336,-0.20035046,1.166836,sport
63,-1.1580358,-0.38929245,1.252546,sport
64,-1.0111802,-0.74963725,1.5518775,sport
65,-1.1817381,-0.34519792,1.2450228,sport
66,-0.5478956,-0.2585569,1.4979992,sport
67,-1.1066221,-0.70073783,1.4719661,sport
68,-1.1115524,-0.3579335,1.2583883,sport
69,-1.0853498,0.57398075,1.1560975,sport
70,-0.52417916,-0.0048982142,1.5564157,sport
71,-0.93822163,-0.76905066,1.6025268,sport
72,-0.8549067,-0.30414918,1.3090382,sport
73,-0.49943632,0.5279606,1.2245609,sport
74,-1.3978357,-0.56952244,1.310289,sport
75,-1.341168,-0.41610125,1.2758954,sport
76,-1.0813715,-1.0527306,1.6796789,sport
77,-1.1365798,-0.6154379,1.3823007,sport
78,-1.0016444,-0.7759237,1.5062236,sport
79,-0.8407196,-0.9451287,1.6821632,sport
80,-1.0940846,-0.51769894,1.3283542,sport
81,-1.0988675,-0.8168385,1.4596454,sport
82,-0.8802027,-1.16098,1.9084125,sport
83,-1.3276409,-0.5454116,1.2954856,sport
84,-0.8888786,-0.29684758,1.2446512,sport
85,-1.2843256,0.49680442,1.1259493,sport
86,-0.9252404,-0.87745667,1.6150596,sport
87,-0.3911835,0.29661524,1.2672327,sport
88,-1.0233657,-0.30112374,1.2840527,sport
89,-0.515271,0.587273,1.1986716,sport
90,-0.9460517,-0.30403066,1.293419,sport
91,-1.2297467,-0.6564977,1.3916322,sport
92,-0.82148105,-0.35699874,1.3912038,sport
93,-0.8787587,-0.37419364,1.3963437,sport
94,-0.90368754,0.38254344,1.0425637,sport
95,-0.95165396,-0.47048476,1.412604,sport
96,-0.7412404,-0.22263564,1.3364172,sport
97,-0.98831767,-0.29417858,1.2785624,sport
98,-1.1744101,-0.3928636,1.2496945,sport
99,-1.0583272,-0.5728274,1.4148759,sport
100,-0.810103,-0.21817039,1.2792075,sport
101,-0.5987249,0.6764029,1.1307635,finance
102,-0.71956456,0.4787747,1.0962441,finance
103,-0.49937627,0.89012915,1.2667297,finance
104,-0.6338235,0.60300267,1.0704623,finance
105,-0.20624895,0.64686257,1.3922511,finance
106,-0.17293698,0.9015972,1.4075694,finance
107,-0.31850752,0.44715074,1.4340205,finance
108,-0.60805666,0.70725554,1.1312538,finance
109,0.12721932,0.37910688,1.6746515,finance
110,-0.022685396,0.7842373,1.4899426,finance
111,-0.5447055,1.6118342,1.4062548,finance
112,0.70585036,0.5565491,2.4601538,finance
113,-0.58471024,0.41140166,1.0942335,finance
114,-0.23478915,1.4062285,1.4425782,finance
115,-0.056172453,0.45666108,1.5101768,finance
116,-0.7256475,1.2140094,1.2142677,finance
117,-0.9069864,1.3601009,1.1730423,finance
118,0.14595819,0.22504716,1.7273369,finance
119,-0.6616917,0.6686217,1.0960935,finance
120,-0.15005685,0.46675524,1.5078046,finance
121,-0.57996637,1.0248178,1.225848,finance
122,0.2083353,0.20249677,1.7641387,finance
123,0.19336647,0.21934366,1.7866973,finance
124,-1.230635,0.50572133,0.987444,finance
125,-0.8195141,0.74502,1.1342634,finance
126,-0.48998994,1.2920594,1.283836,finance
127,0.06004105,0.9500274,1.563156,finance
128,0.10872312,0.57141644,1.6710674,finance
129,-0.5000349,0.76151025,1.1970873,finance
130,-0.8745427,1.2479918,1.0999222,finance
131,-0.48973322,0.65702945,1.3385891,finance
132,-0.46302506,1.1457076,1.2289504,finance
133,-0.41315567,0.3919211,1.2514588,finance
134,0.08270612,0.98117894,1.6905987,finance
135,-0.019495869,0.29826066,1.6291169,finance
136,-0.31577277,1.1993655,1.4038583,finance
137,0.16738869,0.97654104,1.7510918,finance
138,0.018689761,0.67670745,1.6295257,finance
139,-1.001654,0.6862477,1.0596169,finance
140,-0.35148692,0.7366021,1.5047035,finance
141,0.14711879,0.101915985,1.7763293,finance
142,0.3240483,0.73927027,1.8469903,finance
143,-0.25645667,1.0364615,1.3612436,finance
144,-0.039477386,0.9592149,1.7031021,finance
145,0.35916826,1.0466242,1.9608412,finance
146,0.36274514,0.8001926,1.9628297,finance
147,-0.4216711,0.6938723,1.216946,finance
148,0.31534857,0.7778718,1.9247985,finance
149,0.24726333,0.10065056,1.9042485,finance
150,-0.6800614,0.742845,1.1562846,finance
151,-0.24054511,0.72764635,1.4169383,finance
152,-0.5040577,0.6086399,1.1904813,finance
153,-0.37257242,0.3006451,1.3642062,finance
154,-0.42143664,1.0752434,1.3226405,finance
155,-0.42085275,1.0644628,1.2694893,finance
156,-0.50932354,0.11589385,1.4212927,finance
157,-0.98947,0.5212871,1.0015919,finance
158,-0.6619917,0.31818417,1.1788051,finance
159,-2.1621401,1.0439093,1.0709747,finance
160,-1.331696,0.5803399,1.0272124,finance
161,-0.69069976,0.95819443,1.1280755,finance
162,-1.0056808,1.0037923,1.0738955,finance
163,-0.53593606,0.87614,1.159937,finance
164,-0.3920599,0.50615746,1.3365844,finance
165,-0.68498296,0.65182436,1.171257,finance
166,-0.33221507,0.7476184,1.31477,finance
167,-0.26629207,0.058009937,1.4387789,finance
168,-1.2250688,1.1915191,1.1072662,finance
169,0.15901415,0.15554787,1.7424257,finance
170,-1.4212792,1.0161614,1.1404476,finance
171,-0.5394764,1.5057553,1.3341265,finance
172,-0.9500747,1.0825813,1.1319386,finance
173,-0.21496977,0.90160257,1.3309727,finance
174,-1.3231386,1.0497111,1.1074759,finance
175,-0.34092182,0.67526335,1.3496372,finance
176,-0.11575858,0.92673266,1.5717411,finance
177,-0.0112872915,0.22806561,1.6006978,finance
178,-0.40221757,1.6302181,1.488502,finance
179,-0.74882287,0.9246354,1.1552719,finance
180,-0.9849178,1.1510575,1.1095097,finance
181,-0.039588183,0.8814506,1.573689,finance
182,-0.3329071,0.8327448,1.5065032,finance
183,-0.710163,1.2325473,1.1490177,finance
184,0.031780124,0.73471224,1.5453478,finance
185,-0.29729977,0.92458385,1.3503506,finance
186,-0.50402546,1.2694463,1.2895361,finance
187,-0.7108571,0.8107948,1.2025734,finance
188,-0.7072058,0.46048295,1.0560708,finance
189,-0.5997874,0.46857822,1.6298703,finance
190,-0.4809648,0.86909604,1.2119905,finance
191,-0.6066115,0.7023945,1.2259879,finance
192,-0.3547541,0.8109114,1.2957872,finance
193,-0.9508478,1.0947171,1.0878469,finance
194,-0.25921443,0.8684305,1.3337536,finance
195,0.29950917,0.2068766,1.8568935,finance
196,-0.19227982,1.0267209,1.4489816,finance
197,-0.2164247,-0.050296705,1.5550201,finance
198,0.11257724,0.13310896,1.7673923,finance
199,-0.30126524,1.0901532,1.3251014,finance
200,-0.2251827,0.85682136,1.4221197,finance
